CurrentPath,NewPath,CurrentNamespace,NewNamespace
Services\ApplicationInitializationService.cs,Core\Services\ApplicationInitializationService.cs,SharpBridge.Services,SharpBridge.Core.Services
Services\ApplicationOrchestrator.cs,Core\Orchestrators\ApplicationOrchestrator.cs,SharpBridge.Services,SharpBridge.Core.Orchestrators
Services\BezierInterpolationMethod.cs,Domain\Services\BezierInterpolationMethod.cs,SharpBridge.Services,SharpBridge.Domain.Services
Services\ConfigRemediationService.cs,Configuration\Services\ConfigRemediationService.cs,SharpBridge.Services,SharpBridge.Configuration.Services
Services\ConfigSectionFieldExtractorsFactory.cs,Configuration\Factories\ConfigSectionFieldExtractorsFactory.cs,SharpBridge.Services,SharpBridge.Configuration.Factories
Services\ConfigSectionRemediationServiceFactory.cs,Configuration\Factories\ConfigSectionRemediationServiceFactory.cs,SharpBridge.Services,SharpBridge.Configuration.Factories
Services\ConfigSectionValidatorsFactory.cs,Configuration\Factories\ConfigSectionValidatorsFactory.cs,SharpBridge.Services,SharpBridge.Configuration.Factories
Services\ConsoleModeManager.cs,UI\Managers\ConsoleModeManager.cs,SharpBridge.Services,SharpBridge.UI.Managers
Services\ExternalEditorService.cs,Core\Services\ExternalEditorService.cs,SharpBridge.Services,SharpBridge.Core.Services
Services\InterpolationMethodFactory.cs,Infrastructure\Factories\InterpolationMethodFactory.cs,SharpBridge.Services,SharpBridge.Infrastructure.Factories
Services\LinearInterpolationMethod.cs,Domain\Services\LinearInterpolationMethod.cs,SharpBridge.Services,SharpBridge.Domain.Services
Services\ParameterColorService.cs,Core\Services\ParameterColorService.cs,SharpBridge.Services,SharpBridge.Core.Services
Services\PortDiscoveryService.cs,Core\Services\PortDiscoveryService.cs,SharpBridge.Services,SharpBridge.Core.Services
Services\PortStatusMonitorService.cs,Core\Services\PortStatusMonitorService.cs,SharpBridge.Services,SharpBridge.Core.Services
Services\ProcessInfo.cs,Core\Services\ProcessInfo.cs,SharpBridge.Services,SharpBridge.Core.Services
Services\SimpleRecoveryPolicy.cs,Domain\Services\SimpleRecoveryPolicy.cs,SharpBridge.Services,SharpBridge.Domain.Services
Services\TransformationEngine.cs,Core\Engines\TransformationEngine.cs,SharpBridge.Services,SharpBridge.Core.Engines
Services\VTubeStudioPCClient.cs,Core\Clients\VTubeStudioPCClient.cs,SharpBridge.Services,SharpBridge.Core.Clients
Services\VTubeStudioPhoneClient.cs,Core\Clients\VTubeStudioPhoneClient.cs,SharpBridge.Services,SharpBridge.Core.Clients
Services\WindowsFirewallEngine.cs,Core\Engines\WindowsFirewallEngine.cs,SharpBridge.Services,SharpBridge.Core.Engines
Services\FieldExtractors\ConfigSectionFieldExtractor.cs,Configuration\Extractors\ConfigSectionFieldExtractor.cs,SharpBridge.Services.FieldExtractors,SharpBridge.Configuration.Extractors
Services\Remediation\BaseConfigSectionRemediationService.cs,Configuration\Services\Remediation\BaseConfigSectionRemediationService.cs,SharpBridge.Services.Remediation,SharpBridge.Configuration.Services.Remediation
Services\Remediation\GeneralSettingsConfigRemediationService.cs,Configuration\Services\Remediation\GeneralSettingsConfigRemediationService.cs,SharpBridge.Services.Remediation,SharpBridge.Configuration.Services.Remediation
Services\Remediation\TransformationEngineConfigRemediationService.cs,Configuration\Services\Remediation\TransformationEngineConfigRemediationService.cs,SharpBridge.Services.Remediation,SharpBridge.Configuration.Services.Remediation
Services\Remediation\VTubeStudioPCConfigRemediationService.cs,Configuration\Services\Remediation\VTubeStudioPCConfigRemediationService.cs,SharpBridge.Services.Remediation,SharpBridge.Configuration.Services.Remediation
Services\Remediation\VTubeStudioPhoneClientConfigRemediationService.cs,Configuration\Services\Remediation\VTubeStudioPhoneClientConfigRemediationService.cs,SharpBridge.Services.Remediation,SharpBridge.Configuration.Services.Remediation
Services\Validators\BaseConfigSectionValidator.cs,Configuration\Services\Validators\BaseConfigSectionValidator.cs,SharpBridge.Services.Validators,SharpBridge.Configuration.Services.Validators
Services\Validators\GeneralSettingsConfigValidator.cs,Configuration\Services\Validators\GeneralSettingsConfigValidator.cs,SharpBridge.Services.Validators,SharpBridge.Configuration.Services.Validators
Services\Validators\TransformationEngineConfigValidator.cs,Configuration\Services\Validators\TransformationEngineConfigValidator.cs,SharpBridge.Services.Validators,SharpBridge.Configuration.Services.Validators
Services\Validators\VTubeStudioPCConfigValidator.cs,Configuration\Services\Validators\VTubeStudioPCConfigValidator.cs,SharpBridge.Services.Validators,SharpBridge.Configuration.Services.Validators
Services\Validators\VTubeStudioPhoneClientConfigValidator.cs,Configuration\Services\Validators\VTubeStudioPhoneClientConfigValidator.cs,SharpBridge.Services.Validators,SharpBridge.Configuration.Services.Validators
Interfaces\IApplicationInitializationService.cs,Interfaces\Core\Services\IApplicationInitializationService.cs,SharpBridge.Interfaces,SharpBridge.Interfaces.Core.Services
Interfaces\IApplicationOrchestrator.cs,Interfaces\Core\Orchestrators\IApplicationOrchestrator.cs,SharpBridge.Interfaces,SharpBridge.Interfaces.Core.Orchestrators
Interfaces\IAuthTokenProvider.cs,Interfaces\Infrastructure\Services\IAuthTokenProvider.cs,SharpBridge.Interfaces,SharpBridge.Interfaces.Infrastructure.Services
Interfaces\IAppLogger.cs,Interfaces\Infrastructure\Services\IAppLogger.cs,SharpBridge.Interfaces,SharpBridge.Interfaces.Infrastructure.Services
Interfaces\IConfigFieldValidator.cs,Interfaces\Configuration\Services\Validators\IConfigFieldValidator.cs,SharpBridge.Interfaces,SharpBridge.Interfaces.Configuration.Services.Validators
Interfaces\IConfigManager.cs,Interfaces\Configuration\Managers\IConfigManager.cs,SharpBridge.Interfaces,SharpBridge.Interfaces.Configuration.Managers
Interfaces\IConfigRemediationService.cs,Interfaces\Configuration\Services\Remediation\IConfigRemediationService.cs,SharpBridge.Interfaces,SharpBridge.Interfaces.Configuration.Services.Remediation
Interfaces\IConfigSection.cs,Interfaces\Configuration\IConfigSection.cs,SharpBridge.Interfaces,SharpBridge.Interfaces.Configuration
Interfaces\IConfigSectionFieldExtractor.cs,Interfaces\Configuration\Extractors\IConfigSectionFieldExtractor.cs,SharpBridge.Interfaces,SharpBridge.Interfaces.Configuration.Extractors
Interfaces\IConfigSectionFieldExtractorsFactory.cs,Interfaces\Configuration\Factories\IConfigSectionFieldExtractorsFactory.cs,SharpBridge.Interfaces,SharpBridge.Interfaces.Configuration.Factories
Interfaces\IConfigSectionRemediationFactory.cs,Interfaces\Configuration\Factories\IConfigSectionRemediationFactory.cs,SharpBridge.Interfaces,SharpBridge.Interfaces.Configuration.Factories
Interfaces\IConfigSectionRemediationService.cs,Interfaces\Configuration\Services\Remediation\IConfigSectionRemediationService.cs,SharpBridge.Interfaces,SharpBridge.Interfaces.Configuration.Services.Remediation
Interfaces\IConfigSectionValidator.cs,Interfaces\Configuration\Services\Validators\IConfigSectionValidator.cs,SharpBridge.Interfaces,SharpBridge.Interfaces.Configuration.Services.Validators
Interfaces\IConfigSectionValidatorsFactory.cs,Interfaces\Configuration\Factories\IConfigSectionValidatorsFactory.cs,SharpBridge.Interfaces,SharpBridge.Interfaces.Configuration.Factories
Interfaces\IConsole.cs,Interfaces\UI\Components\IConsole.cs,SharpBridge.Interfaces,SharpBridge.Interfaces.UI.Components
Interfaces\IConsoleModeContentProvider.cs,Interfaces\UI\Providers\IConsoleModeContentProvider.cs,SharpBridge.Interfaces,SharpBridge.Interfaces.UI.Providers
Interfaces\IConsoleModeManager.cs,Interfaces\UI\Managers\IConsoleModeManager.cs,SharpBridge.Interfaces,SharpBridge.Interfaces.UI.Managers
Interfaces\IConsoleWindowManager.cs,Interfaces\UI\Managers\IConsoleWindowManager.cs,SharpBridge.Interfaces,SharpBridge.Interfaces.UI.Managers
Interfaces\IExternalEditorService.cs,Interfaces\Core\Services\IExternalEditorService.cs,SharpBridge.Interfaces,SharpBridge.Interfaces.Core.Services
Interfaces\IFileChangeWatcher.cs,Interfaces\Infrastructure\IFileChangeWatcher.cs,SharpBridge.Interfaces,SharpBridge.Interfaces.Infrastructure
Interfaces\IFileSystemWatcherFactory.cs,Interfaces\Infrastructure\Factories\IFileSystemWatcherFactory.cs,SharpBridge.Interfaces,SharpBridge.Interfaces.Infrastructure.Factories
Interfaces\IFileSystemWatcherWrapper.cs,Interfaces\Infrastructure\Wrappers\IFileSystemWatcherWrapper.cs,SharpBridge.Interfaces,SharpBridge.Interfaces.Infrastructure.Wrappers
Interfaces\IFirewallAnalyzer.cs,Interfaces\Infrastructure\Services\IFirewallAnalyzer.cs,SharpBridge.Interfaces,SharpBridge.Interfaces.Infrastructure.Services
Interfaces\IFirewallEngine.cs,Interfaces\Core\Engines\IFirewallEngine.cs,SharpBridge.Interfaces,SharpBridge.Interfaces.Core.Engines
Interfaces\IFormattableObject.cs,Interfaces\UI\Components\IFormattableObject.cs,SharpBridge.Interfaces,SharpBridge.Interfaces.UI.Components
Interfaces\IFormatter.cs,Interfaces\UI\Formatters\IFormatter.cs,SharpBridge.Interfaces,SharpBridge.Interfaces.UI.Formatters
Interfaces\IInitializable.cs,Interfaces\UI\IInitializable.cs,SharpBridge.Interfaces,SharpBridge.Interfaces.UI
Interfaces\IInterpolationMethod.cs,Interfaces\Core\Services\IInterpolationMethod.cs,SharpBridge.Interfaces,SharpBridge.Interfaces.Core.Services
Interfaces\IKeyboardInputHandler.cs,Interfaces\UI\Components\IKeyboardInputHandler.cs,SharpBridge.Interfaces,SharpBridge.Interfaces.UI.Components
Interfaces\IMainStatusRenderer.cs,Interfaces\UI\Components\IMainStatusRenderer.cs,SharpBridge.Interfaces,SharpBridge.Interfaces.UI.Components
Interfaces\INetworkCommandProvider.cs,Interfaces\Infrastructure\Providers\INetworkCommandProvider.cs,SharpBridge.Interfaces,SharpBridge.Interfaces.Infrastructure.Providers
Interfaces\INetworkStatusFormatter.cs,Interfaces\UI\Formatters\INetworkStatusFormatter.cs,SharpBridge.Interfaces,SharpBridge.Interfaces.UI.Formatters
Interfaces\IParameterColorService.cs,Interfaces\UI\Components\IParameterColorService.cs,SharpBridge.Interfaces,SharpBridge.Interfaces.UI.Components
Interfaces\IParameterTableConfigurationManager.cs,Interfaces\Configuration\Managers\IParameterTableConfigurationManager.cs,SharpBridge.Interfaces,SharpBridge.Interfaces.Configuration.Managers
Interfaces\IPortDiscoveryService.cs,Interfaces\Core\Services\IPortDiscoveryService.cs,SharpBridge.Interfaces,SharpBridge.Interfaces.Core.Services
Interfaces\IPortStatusMonitorService.cs,Interfaces\Core\Services\IPortStatusMonitorService.cs,SharpBridge.Interfaces,SharpBridge.Interfaces.Core.Services
Interfaces\IProcessInfo.cs,Interfaces\Core\Services\IProcessInfo.cs,SharpBridge.Interfaces,SharpBridge.Interfaces.Core.Services
Interfaces\IProcessLauncher.cs,Interfaces\Infrastructure\Services\IProcessLauncher.cs,SharpBridge.Interfaces,SharpBridge.Interfaces.Infrastructure.Services
Interfaces\IRecoveryPolicy.cs,Interfaces\Core\Services\IRecoveryPolicy.cs,SharpBridge.Interfaces,SharpBridge.Interfaces.Core.Services
Interfaces\IServiceStats.cs,Interfaces\Infrastructure\Services\IServiceStats.cs,SharpBridge.Interfaces,SharpBridge.Interfaces.Infrastructure.Services
Interfaces\IServiceStatsProvider.cs,Interfaces\Infrastructure\Services\IServiceStatsProvider.cs,SharpBridge.Interfaces,SharpBridge.Interfaces.Infrastructure.Services
Interfaces\IShortcutConfigurationManager.cs,Interfaces\Configuration\Managers\IShortcutConfigurationManager.cs,SharpBridge.Interfaces,SharpBridge.Interfaces.Configuration.Managers
Interfaces\IShortcutParser.cs,Interfaces\UI\Components\IShortcutParser.cs,SharpBridge.Interfaces,SharpBridge.Interfaces.UI.Components
Interfaces\ISystemHelpRenderer.cs,Interfaces\UI\Components\ISystemHelpRenderer.cs,SharpBridge.Interfaces,SharpBridge.Interfaces.UI.Components
Interfaces\ITableColumnFormatter.cs,Interfaces\UI\Formatters\ITableColumnFormatter.cs,SharpBridge.Interfaces,SharpBridge.Interfaces.UI.Formatters
Interfaces\ITableFormatter.cs,Interfaces\UI\Formatters\ITableFormatter.cs,SharpBridge.Interfaces,SharpBridge.Interfaces.UI.Formatters
Interfaces\ITransformationEngine.cs,Interfaces\Core\Engines\ITransformationEngine.cs,SharpBridge.Interfaces,SharpBridge.Interfaces.Core.Engines
Interfaces\ITransformationRulesRepository.cs,Interfaces\Domain\ITransformationRulesRepository.cs,SharpBridge.Interfaces,SharpBridge.Interfaces.Domain
Interfaces\IUdpClientWrapper.cs,Interfaces\Infrastructure\Wrappers\IUdpClientWrapper.cs,SharpBridge.Interfaces,SharpBridge.Interfaces.Infrastructure.Wrappers
Interfaces\IUdpClientWrapperFactory.cs,Interfaces\Infrastructure\Factories\IUdpClientWrapperFactory.cs,SharpBridge.Interfaces,SharpBridge.Interfaces.Infrastructure.Factories
Interfaces\IVTSParameterAdapter.cs,Interfaces\Core\Adapters\IVTSParameterAdapter.cs,SharpBridge.Interfaces,SharpBridge.Interfaces.Core.Adapters
Interfaces\IVTubeStudioPCAuthManager.cs,Interfaces\Core\Clients\IVTubeStudioPCAuthManager.cs,SharpBridge.Interfaces,SharpBridge.Interfaces.Core.Clients
Interfaces\IVTubeStudioPCClient.cs,Interfaces\Core\Clients\IVTubeStudioPCClient.cs,SharpBridge.Interfaces,SharpBridge.Interfaces.Core.Clients
Interfaces\IVTubeStudioPCParameterManager.cs,Interfaces\Core\Managers\IVTubeStudioPCParameterManager.cs,SharpBridge.Interfaces,SharpBridge.Interfaces.Core.Managers
Interfaces\IVTubeStudioPhoneClient.cs,Interfaces\Core\Clients\IVTubeStudioPhoneClient.cs,SharpBridge.Interfaces,SharpBridge.Interfaces.Core.Clients
Interfaces\IWebSocketWrapper.cs,Interfaces\Infrastructure\Wrappers\IWebSocketWrapper.cs,SharpBridge.Interfaces,SharpBridge.Interfaces.Infrastructure.Wrappers
Interfaces\IWindowsInterop.cs,Interfaces\Infrastructure\Interop\IWindowsInterop.cs,SharpBridge.Interfaces,SharpBridge.Interfaces.Infrastructure.Interop
Models\ApplicationConfig.cs,Models\Configuration\ApplicationConfig.cs,SharpBridge.Models,SharpBridge.Models.Configuration
Models\AuthRequest.cs,Models\Api\AuthRequest.cs,SharpBridge.Models,SharpBridge.Models.Api
Models\AuthTokenRequest.cs,Models\Api\AuthTokenRequest.cs,SharpBridge.Models,SharpBridge.Models.Api
Models\AuthenticationResponse.cs,Models\Api\AuthenticationResponse.cs,SharpBridge.Models,SharpBridge.Models.Api
Models\AuthenticationTokenResponse.cs,Models\Api\AuthenticationTokenResponse.cs,SharpBridge.Models,SharpBridge.Models.Api
Models\BezierInterpolation.cs,Models\Domain\BezierInterpolation.cs,SharpBridge.Models,SharpBridge.Models.Domain
Models\BlendShape.cs,Models\Domain\BlendShape.cs,SharpBridge.Models,SharpBridge.Models.Domain
Models\ConfigFieldState.cs,Models\Configuration\ConfigFieldState.cs,SharpBridge.Models,SharpBridge.Models.Configuration
Models\ConfigLoadResult.cs,Models\Configuration\ConfigLoadResult.cs,SharpBridge.Models,SharpBridge.Models.Configuration
Models\ConfigSectionTypes.cs,Models\Configuration\ConfigSectionTypes.cs,SharpBridge.Models,SharpBridge.Models.Configuration
Models\ConfigValidationResult.cs,Models\Configuration\ConfigValidationResult.cs,SharpBridge.Models,SharpBridge.Models.Configuration
Models\ConsoleMode.cs,Models\UI\ConsoleMode.cs,SharpBridge.Models,SharpBridge.Models.UI
Models\ConsoleRenderContext.cs,Models\UI\ConsoleRenderContext.cs,SharpBridge.Models,SharpBridge.Models.UI
Models\Coordinates.cs,Models\Domain\Coordinates.cs,SharpBridge.Models,SharpBridge.Models.Domain
Models\DiscoveryResponse.cs,Models\Api\DiscoveryResponse.cs,SharpBridge.Models,SharpBridge.Models.Api
Models\FirewallAnalysisResult.cs,Models\Infrastructure\FirewallAnalysisResult.cs,SharpBridge.Models,SharpBridge.Models.Infrastructure
Models\FirewallRule.cs,Models\Infrastructure\FirewallRule.cs,SharpBridge.Models,SharpBridge.Models.Infrastructure
Models\InitializationProgress.cs,Models\UI\InitializationProgress.cs,SharpBridge.Models,SharpBridge.Models.UI
Models\InitializationStep.cs,Models\Infrastructure\InitializationStep.cs,SharpBridge.Models,SharpBridge.Models.Infrastructure
Models\InputParameterListRequest.cs,Models\Api\InputParameterListRequest.cs,SharpBridge.Models,SharpBridge.Models.Api
Models\InputParameterListResponse.cs,Models\Api\InputParameterListResponse.cs,SharpBridge.Models,SharpBridge.Models.Api
Models\InjectParamsRequest.cs,Models\Api\InjectParamsRequest.cs,SharpBridge.Models,SharpBridge.Models.Api
Models\IInterpolationDefinition.cs,Models\Domain\IInterpolationDefinition.cs,SharpBridge.Models,SharpBridge.Models.Domain
Models\LinearInterpolation.cs,Models\Domain\LinearInterpolation.cs,SharpBridge.Models,SharpBridge.Models.Domain
Models\NetworkStatus.cs,Models\Infrastructure\NetworkStatus.cs,SharpBridge.Models,SharpBridge.Models.Infrastructure
Models\ParameterCreationRequest.cs,Models\Api\ParameterCreationRequest.cs,SharpBridge.Models,SharpBridge.Models.Api
Models\ParameterCreationResponse.cs,Models\Api\ParameterCreationResponse.cs,SharpBridge.Models,SharpBridge.Models.Api
Models\ParameterDeletionRequest.cs,Models\Api\ParameterDeletionRequest.cs,SharpBridge.Models,SharpBridge.Models.Api
Models\ParameterExtremums.cs,Models\Domain\ParameterExtremums.cs,SharpBridge.Models,SharpBridge.Models.Domain
Models\ParameterRuleDefinition.cs,Models\Domain\ParameterRuleDefinition.cs,SharpBridge.Models,SharpBridge.Models.Domain
Models\ParameterTableColumn.cs,Models\UI\ParameterTableColumn.cs,SharpBridge.Models,SharpBridge.Models.UI
Models\ParameterTransformation.cs,Models\Domain\ParameterTransformation.cs,SharpBridge.Models,SharpBridge.Models.Domain
Models\PCClientStatus.cs,Models\Infrastructure\PCClientStatus.cs,SharpBridge.Models,SharpBridge.Models.Infrastructure
Models\PCTrackingInfo.cs,Models\Domain\PCTrackingInfo.cs,SharpBridge.Models,SharpBridge.Models.Domain
Models\PhoneClientStatus.cs,Models\Infrastructure\PhoneClientStatus.cs,SharpBridge.Models,SharpBridge.Models.Infrastructure
Models\PhoneTrackingInfo.cs,Models\Domain\PhoneTrackingInfo.cs,SharpBridge.Models,SharpBridge.Models.Domain
Models\Point.cs,Models\Domain\Point.cs,SharpBridge.Models,SharpBridge.Models.Domain
Models\RemediationResult.cs,Models\Configuration\RemediationResult.cs,SharpBridge.Models,SharpBridge.Models.Configuration
Models\RuleInfo.cs,Models\Domain\RuleInfo.cs,SharpBridge.Models,SharpBridge.Models.Domain
Models\RulesChangedEventArgs.cs,Models\Events\RulesChangedEventArgs.cs,SharpBridge.Models,SharpBridge.Models.Events
Models\RulesLoadResult.cs,Models\Events\RulesLoadResult.cs,SharpBridge.Models,SharpBridge.Models.Events
Models\ServiceStats.cs,Models\Infrastructure\ServiceStats.cs,SharpBridge.Models,SharpBridge.Models.Infrastructure
Models\Shortcut.cs,Models\Domain\Shortcut.cs,SharpBridge.Models,SharpBridge.Models.Domain
Models\ShortcutAction.cs,Models\Domain\ShortcutAction.cs,SharpBridge.Models,SharpBridge.Models.Domain
Models\ShortcutStatus.cs,Models\Infrastructure\ShortcutStatus.cs,SharpBridge.Models,SharpBridge.Models.Infrastructure
Models\StepInfo.cs,Models\UI\StepInfo.cs,SharpBridge.Models,SharpBridge.Models.UI
Models\StepStatus.cs,Models\UI\StepStatus.cs,SharpBridge.Models,SharpBridge.Models.UI
Models\TrackingParam.cs,Models\Domain\TrackingParam.cs,SharpBridge.Models,SharpBridge.Models.Domain
Models\TransformationEngineConfig.cs,Models\Configuration\TransformationEngineConfig.cs,SharpBridge.Models,SharpBridge.Models.Configuration
Models\TransformationEngineInfo.cs,Models\Domain\TransformationEngineInfo.cs,SharpBridge.Models,SharpBridge.Models.Domain
Models\TransformationEngineStatus.cs,Models\Infrastructure\TransformationEngineStatus.cs,SharpBridge.Models,SharpBridge.Models.Infrastructure
Models\UserPreferences.cs,Models\Configuration\UserPreferences.cs,SharpBridge.Models,SharpBridge.Models.Configuration
Models\VTSApiRequest.cs,Models\Api\VTSApiRequest.cs,SharpBridge.Models,SharpBridge.Models.Api
Models\VTSApiResponse.cs,Models\Api\VTSApiResponse.cs,SharpBridge.Models,SharpBridge.Models.Api
Models\VTSParameter.cs,Models\Domain\VTSParameter.cs,SharpBridge.Models,SharpBridge.Models.Domain
Models\VTubeStudioPCConfig.cs,Models\Configuration\VTubeStudioPCConfig.cs,SharpBridge.Models,SharpBridge.Models.Configuration
Models\VTubeStudioPhoneClientConfig.cs,Models\Configuration\VTubeStudioPhoneClientConfig.cs,SharpBridge.Models,SharpBridge.Models.Configuration
Utilities\AttributeHelper.cs,Infrastructure\Utilities\AttributeHelper.cs,SharpBridge.Utilities,SharpBridge.Infrastructure.Utilities
Utilities\BezierInterpolationConverter.cs,Infrastructure\Utilities\BezierInterpolationConverter.cs,SharpBridge.Utilities,SharpBridge.Infrastructure.Utilities
Utilities\ConfigCloner.cs,Configuration\Utilities\ConfigCloner.cs,SharpBridge.Utilities,SharpBridge.Configuration.Utilities
Utilities\ConfigComparers.cs,Configuration\Utilities\ConfigComparers.cs,SharpBridge.Utilities,SharpBridge.Configuration.Utilities
Utilities\ConfigFieldValidator.cs,Configuration\Utilities\ConfigFieldValidator.cs,SharpBridge.Utilities,SharpBridge.Configuration.Utilities
Utilities\ConfigManager.cs,Configuration\Managers\ConfigManager.cs,SharpBridge.Utilities,SharpBridge.Configuration.Managers
Utilities\ConsoleColors.cs,UI\Utilities\ConsoleColors.cs,SharpBridge.Utilities,SharpBridge.UI.Utilities
Utilities\ConsoleWindowManager.cs,UI\Managers\ConsoleWindowManager.cs,SharpBridge.Utilities,SharpBridge.UI.Managers
Utilities\DefaultShortcutsProvider.cs,UI\Providers\DefaultShortcutsProvider.cs,SharpBridge.Utilities,SharpBridge.UI.Providers
Utilities\DisplayFormatting.cs,UI\Utilities\DisplayFormatting.cs,SharpBridge.Utilities,SharpBridge.UI.Utilities
Utilities\FileSystemChangeWatcher.cs,Infrastructure\Services\FileSystemChangeWatcher.cs,SharpBridge.Utilities,SharpBridge.Infrastructure.Services
Utilities\FileSystemWatcherFactory.cs,Infrastructure\Factories\FileSystemWatcherFactory.cs,SharpBridge.Utilities,SharpBridge.Infrastructure.Factories
Utilities\FileSystemWatcherWrapper.cs,Infrastructure\Wrappers\FileSystemWatcherWrapper.cs,SharpBridge.Utilities,SharpBridge.Infrastructure.Wrappers
Utilities\FirewallRuleTableFormatters.cs,UI\Formatters\FirewallRuleTableFormatters.cs,SharpBridge.Utilities,SharpBridge.UI.Formatters
Utilities\InitializationContentProvider.cs,UI\Providers\InitializationContentProvider.cs,SharpBridge.Utilities,SharpBridge.UI.Providers
Utilities\InterpolationConverter.cs,Infrastructure\Utilities\InterpolationConverter.cs,SharpBridge.Utilities,SharpBridge.Infrastructure.Utilities
Utilities\KeyboardInputHandler.cs,UI\Components\KeyboardInputHandler.cs,SharpBridge.Utilities,SharpBridge.UI.Components
Utilities\MainStatusContentProvider.cs,UI\Providers\MainStatusContentProvider.cs,SharpBridge.Utilities,SharpBridge.UI.Providers
Utilities\NetworkStatusContentProvider.cs,UI\Providers\NetworkStatusContentProvider.cs,SharpBridge.Utilities,SharpBridge.UI.Providers
Utilities\NetworkStatusFormatter.cs,UI\Formatters\NetworkStatusFormatter.cs,SharpBridge.Utilities,SharpBridge.UI.Formatters
Utilities\NumericColumnFormatter.cs,UI\Formatters\NumericColumnFormatter.cs,SharpBridge.Utilities,SharpBridge.UI.Formatters
Utilities\ParameterTableConfigurationManager.cs,Configuration\Managers\ParameterTableConfigurationManager.cs,SharpBridge.Utilities,SharpBridge.Configuration.Managers
Utilities\PCClientStatus.cs,Infrastructure\Services\PCClientStatus.cs,SharpBridge.Utilities,SharpBridge.Infrastructure.Services
Utilities\PhoneTrackingInfoFormatter.cs,UI\Formatters\PhoneTrackingInfoFormatter.cs,SharpBridge.Utilities,SharpBridge.UI.Formatters
Utilities\PCTrackingInfoFormatter.cs,UI\Formatters\PCTrackingInfoFormatter.cs,SharpBridge.Utilities,SharpBridge.UI.Formatters
Utilities\ProcessLauncher.cs,Infrastructure\Services\ProcessLauncher.cs,SharpBridge.Utilities,SharpBridge.Infrastructure.Services
Utilities\ProgressBarColumnFormatter.cs,UI\Formatters\ProgressBarColumnFormatter.cs,SharpBridge.Utilities,SharpBridge.UI.Formatters
Utilities\SerilogAppLogger.cs,Infrastructure\Services\SerilogAppLogger.cs,SharpBridge.Utilities,SharpBridge.Infrastructure.Services
Utilities\ShortcutComparer.cs,UI\Utilities\ShortcutComparer.cs,SharpBridge.Utilities,SharpBridge.UI.Utilities
Utilities\ShortcutConfigurationManager.cs,Configuration\Managers\ShortcutConfigurationManager.cs,SharpBridge.Utilities,SharpBridge.Configuration.Managers
Utilities\ShortcutParser.cs,UI\Components\ShortcutParser.cs,SharpBridge.Utilities,SharpBridge.UI.Components
Utilities\SystemConsole.cs,Infrastructure\Wrappers\SystemConsole.cs,SharpBridge.Utilities,SharpBridge.Infrastructure.Wrappers
Utilities\SystemHelpContentProvider.cs,UI\Providers\SystemHelpContentProvider.cs,SharpBridge.Utilities,SharpBridge.UI.Providers
Utilities\TableFormatter.cs,UI\Formatters\TableFormatter.cs,SharpBridge.Utilities,SharpBridge.UI.Formatters
Utilities\TextColumnFormatter.cs,UI\Formatters\TextColumnFormatter.cs,SharpBridge.Utilities,SharpBridge.UI.Formatters
Utilities\TransformationEngineInfoFormatter.cs,UI\Formatters\TransformationEngineInfoFormatter.cs,SharpBridge.Utilities,SharpBridge.UI.Formatters
Utilities\UdpClientWrapper.cs,Infrastructure\Wrappers\UdpClientWrapper.cs,SharpBridge.Utilities,SharpBridge.Infrastructure.Wrappers
Utilities\UdpClientWrapperFactory.cs,Infrastructure\Factories\UdpClientWrapperFactory.cs,SharpBridge.Utilities,SharpBridge.Infrastructure.Factories
Utilities\VTSParameterPrefixAdapter.cs,Core\Adapters\VTSParameterPrefixAdapter.cs,SharpBridge.Utilities,SharpBridge.Core.Adapters
Utilities\VTubeStudioPCParameterManager.cs,Core\Managers\VTubeStudioPCParameterManager.cs,SharpBridge.Utilities,SharpBridge.Core.Managers
Utilities\WebSocketWrapper.cs,Infrastructure\Wrappers\WebSocketWrapper.cs,SharpBridge.Utilities,SharpBridge.Infrastructure.Wrappers
Utilities\WindowsFirewallAnalyzer.cs,Infrastructure\Services\WindowsFirewallAnalyzer.cs,SharpBridge.Utilities,SharpBridge.Infrastructure.Services
Utilities\WindowsNetworkCommandProvider.cs,Infrastructure\Providers\WindowsNetworkCommandProvider.cs,SharpBridge.Utilities,SharpBridge.Infrastructure.Providers
Utilities\Interop\ComInterfaces.cs,Infrastructure\Interop\ComInterfaces.cs,SharpBridge.Utilities.Interop,SharpBridge.Infrastructure.Interop
Utilities\Interop\NativeMethods.cs,Infrastructure\Interop\NativeMethods.cs,SharpBridge.Utilities.Interop,SharpBridge.Infrastructure.Interop
Utilities\Interop\WindowsInterop.cs,Infrastructure\Interop\WindowsInterop.cs,SharpBridge.Utilities.Interop,SharpBridge.Infrastructure.Interop
Tests\Models\BezierInterpolationSerializationTests.cs,Tests\Models\Domain\BezierInterpolationSerializationTests.cs,SharpBridge.Tests.Models,SharpBridge.Tests.Models.Domain
Tests\Models\EventArgsTests.cs,Tests\Models\Events\EventArgsTests.cs,SharpBridge.Tests.Models,SharpBridge.Tests.Models.Events
Tests\Models\InterpolationDataModelTests.cs,Tests\Models\Domain\InterpolationDataModelTests.cs,SharpBridge.Tests.Models,SharpBridge.Tests.Models.Domain
Tests\Models\ParameterExtremumsTests.cs,Tests\Models\Domain\ParameterExtremumsTests.cs,SharpBridge.Tests.Models,SharpBridge.Tests.Models.Domain
Tests\Repositories\FileBasedTransformationRulesRepositoryTests.cs,Tests\Domain\FileBasedTransformationRulesRepositoryTests.cs,SharpBridge.Tests.Repositories,SharpBridge.Tests.Domain
Tests\Services\ApplicationInitializationServiceTests.cs,Tests\Core\Services\ApplicationInitializationServiceTests.cs,SharpBridge.Tests.Services,SharpBridge.Tests.Core.Services
Tests\Services\ApplicationOrchestratorTests.cs,Tests\Core\Orchestrators\ApplicationOrchestratorTests.cs,SharpBridge.Tests.Services,SharpBridge.Tests.Core.Orchestrators
Tests\Services\ConfigRemediationServiceTests.cs,Tests\Configuration\Services\ConfigRemediationServiceTests.cs,SharpBridge.Tests.Services,SharpBridge.Tests.Configuration.Services
Tests\Services\ConfigSectionFieldExtractorsFactoryTests.cs,Tests\Configuration\Factories\ConfigSectionFieldExtractorsFactoryTests.cs,SharpBridge.Tests.Services,SharpBridge.Tests.Configuration.Factories
Tests\Services\ConfigSectionValidatorsFactoryTests.cs,Tests\Configuration\Factories\ConfigSectionValidatorsFactoryTests.cs,SharpBridge.Tests.Services,SharpBridge.Tests.Configuration.Factories
Tests\Services\ConsoleModeManagerTests.cs,Tests\UI\Managers\ConsoleModeManagerTests.cs,SharpBridge.Tests.Services,SharpBridge.Tests.UI.Managers
Tests\Services\ExternalEditorServiceTests.cs,Tests\Core\Services\ExternalEditorServiceTests.cs,SharpBridge.Tests.Services,SharpBridge.Tests.Core.Services
Tests\Services\GeneralSettingsConfigRemediationServiceTests.cs,Tests\Configuration\Services\Remediation\GeneralSettingsConfigRemediationServiceTests.cs,SharpBridge.Tests.Services,SharpBridge.Tests.Configuration.Services.Remediation
Tests\Services\GeneralSettingsConfigValidatorTests.cs,Tests\Configuration\Services\Validators\GeneralSettingsConfigValidatorTests.cs,SharpBridge.Tests.Services,SharpBridge.Tests.Configuration.Services.Validators
Tests\Services\InterpolationMethodTests.cs,Tests\Domain\Services\InterpolationMethodTests.cs,SharpBridge.Tests.Services,SharpBridge.Tests.Domain.Services
Tests\Services\ParameterColorServiceTests.cs,Tests\Core\Services\ParameterColorServiceTests.cs,SharpBridge.Tests.Services,SharpBridge.Tests.Core.Services
Tests\Services\PortDiscoveryServiceTests.cs,Tests\Core\Services\PortDiscoveryServiceTests.cs,SharpBridge.Tests.Services,SharpBridge.Tests.Core.Services
Tests\Services\PortStatusMonitorServiceTests.cs,Tests\Core\Services\PortStatusMonitorServiceTests.cs,SharpBridge.Tests.Services,SharpBridge.Tests.Core.Services
Tests\Services\SimpleRecoveryPolicyTests.cs,Tests\Domain\Services\SimpleRecoveryPolicyTests.cs,SharpBridge.Tests.Services,SharpBridge.Tests.Domain.Services
Tests\Services\TransformConfigTests.cs,Tests\Models\Configuration\TransformConfigTests.cs,SharpBridge.Tests.Services,SharpBridge.Tests.Models.Configuration
Tests\Services\TransformationEngineConfigRemediationServiceTests.cs,Tests\Configuration\Services\Remediation\TransformationEngineConfigRemediationServiceTests.cs,SharpBridge.Tests.Services,SharpBridge.Tests.Configuration.Services.Remediation
Tests\Services\TransformationEngineConfigValidatorTests.cs,Tests\Configuration\Services\Validators\TransformationEngineConfigValidatorTests.cs,SharpBridge.Tests.Services,SharpBridge.Tests.Configuration.Services.Validators
Tests\Services\TransformationEngineInterpolationTests.cs,Tests\Core\Engines\TransformationEngineInterpolationTests.cs,SharpBridge.Tests.Services,SharpBridge.Tests.Core.Engines
Tests\Services\TransformationEngineTests.cs,Tests\Core\Engines\TransformationEngineTests.cs,SharpBridge.Tests.Services,SharpBridge.Tests.Core.Engines
Tests\Services\VTubeStudioPCClientTests.cs,Tests\Core\Clients\VTubeStudioPCClientTests.cs,SharpBridge.Tests.Services,SharpBridge.Tests.Core.Clients
Tests\Services\VTubeStudioPCConfigRemediationServiceTests.cs,Tests\Configuration\Services\Remediation\VTubeStudioPCConfigRemediationServiceTests.cs,SharpBridge.Tests.Services,SharpBridge.Tests.Configuration.Services.Remediation
Tests\Services\VTubeStudioPCConfigValidatorTests.cs,Tests\Configuration\Services\Validators\VTubeStudioPCConfigValidatorTests.cs,SharpBridge.Tests.Services,SharpBridge.Tests.Configuration.Services.Validators
Tests\Services\VTubeStudioPhoneClientConfigFieldExtractorTests.cs,Tests\Configuration\Extractors\VTubeStudioPhoneClientConfigFieldExtractorTests.cs,SharpBridge.Tests.Services,SharpBridge.Tests.Configuration.Extractors
Tests\Services\VTubeStudioPhoneClientConfigRemediationServiceTests.cs,Tests\Configuration\Services\Remediation\VTubeStudioPhoneClientConfigRemediationServiceTests.cs,SharpBridge.Tests.Services,SharpBridge.Tests.Configuration.Services.Remediation
Tests\Services\VTubeStudioPhoneClientConfigValidatorTests.cs,Tests\Configuration\Services\Validators\VTubeStudioPhoneClientConfigValidatorTests.cs,SharpBridge.Tests.Services,SharpBridge.Tests.Configuration.Services.Validators
Tests\Services\VTubeStudioPhoneClientTests.cs,Tests\Core\Clients\VTubeStudioPhoneClientTests.cs,SharpBridge.Tests.Services,SharpBridge.Tests.Core.Clients
Tests\Services\WindowsFirewallAnalyzerTests.cs,Tests\Infrastructure\Services\WindowsFirewallAnalyzerTests.cs,SharpBridge.Tests.Services,SharpBridge.Tests.Infrastructure.Services
Tests\Services\WindowsFirewallEngineTests.cs,Tests\Core\Engines\WindowsFirewallEngineTests.cs,SharpBridge.Tests.Services,SharpBridge.Tests.Core.Engines
Tests\Utilities\AttributeHelperTests.cs,Tests\Infrastructure\Utilities\AttributeHelperTests.cs,SharpBridge.Tests.Utilities,SharpBridge.Tests.Infrastructure.Utilities
Tests\Utilities\ConfigClonerTests.cs,Tests\Configuration\Utilities\ConfigClonerTests.cs,SharpBridge.Tests.Utilities,SharpBridge.Tests.Configuration.Utilities
Tests\Utilities\ConfigComparersTests.cs,Tests\Configuration\Utilities\ConfigComparersTests.cs,SharpBridge.Tests.Utilities,SharpBridge.Tests.Configuration.Utilities
Tests\Utilities\ConfigFieldValidatorTests.cs,Tests\Configuration\Utilities\ConfigFieldValidatorTests.cs,SharpBridge.Tests.Utilities,SharpBridge.Tests.Configuration.Utilities
Tests\Utilities\ConsoleWindowManagerTests.cs,Tests\UI\Managers\ConsoleWindowManagerTests.cs,SharpBridge.Tests.Utilities,SharpBridge.Tests.UI.Managers
Tests\Utilities\DisplayFormattingTests.cs,Tests\UI\Utilities\DisplayFormattingTests.cs,SharpBridge.Tests.Utilities,SharpBridge.Tests.UI.Utilities
Tests\Utilities\FileSystemChangeWatcherTests.cs,Tests\Infrastructure\Services\FileSystemChangeWatcherTests.cs,SharpBridge.Tests.Utilities,SharpBridge.Tests.Infrastructure.Services
Tests\Utilities\FileSystemWatcherWrapperTests.cs,Tests\Infrastructure\Wrappers\FileSystemWatcherWrapperTests.cs,SharpBridge.Tests.Utilities,SharpBridge.Tests.Infrastructure.Wrappers
Tests\Utilities\FirewallRuleTableFormattersTests.cs,Tests\UI\Formatters\FirewallRuleTableFormattersTests.cs,SharpBridge.Tests.Utilities,SharpBridge.Tests.UI.Formatters
Tests\Utilities\InitializationContentProviderTests.cs,Tests\UI\Providers\InitializationContentProviderTests.cs,SharpBridge.Tests.Utilities,SharpBridge.Tests.UI.Providers
Tests\Utilities\KeyboardInputHandlerTests.cs,Tests\UI\Components\KeyboardInputHandlerTests.cs,SharpBridge.Tests.Utilities,SharpBridge.Tests.UI.Components
Tests\Utilities\MainStatusContentProviderTests.cs,Tests\UI\Providers\MainStatusContentProviderTests.cs,SharpBridge.Tests.Utilities,SharpBridge.Tests.UI.Providers
Tests\Utilities\NetworkStatusContentProviderTests.cs,Tests\UI\Providers\NetworkStatusContentProviderTests.cs,SharpBridge.Tests.Utilities,SharpBridge.Tests.UI.Providers
Tests\Utilities\NetworkStatusFormatterTests.cs,Tests\UI\Formatters\NetworkStatusFormatterTests.cs,SharpBridge.Tests.Utilities,SharpBridge.Tests.UI.Formatters
Tests\Utilities\ParameterTableConfigurationManagerTests.cs,Tests\Configuration\Managers\ParameterTableConfigurationManagerTests.cs,SharpBridge.Tests.Utilities,SharpBridge.Tests.Configuration.Managers
Tests\Utilities\PCClientStatusTests.cs,Tests\Infrastructure\Services\PCClientStatusTests.cs,SharpBridge.Tests.Utilities,SharpBridge.Tests.Infrastructure.Services
Tests\Utilities\PhoneTrackingInfoFormatterTests.cs,Tests\UI\Formatters\PhoneTrackingInfoFormatterTests.cs,SharpBridge.Tests.Utilities,SharpBridge.Tests.UI.Formatters
Tests\Utilities\PCTrackingInfoFormatterTests.cs,Tests\UI\Formatters\PCTrackingInfoFormatterTests.cs,SharpBridge.Tests.Utilities,SharpBridge.Tests.UI.Formatters
Tests\Utilities\ProcessLauncherTests.cs,Tests\Infrastructure\Services\ProcessLauncherTests.cs,SharpBridge.Tests.Utilities,SharpBridge.Tests.Infrastructure.Services
Tests\Utilities\SerilogAppLoggerTests.cs,Tests\Infrastructure\Services\SerilogAppLoggerTests.cs,SharpBridge.Tests.Utilities,SharpBridge.Tests.Infrastructure.Services
Tests\Utilities\ShortcutConfigurationManagerTests.cs,Tests\Configuration\Managers\ShortcutConfigurationManagerTests.cs,SharpBridge.Tests.Utilities,SharpBridge.Tests.Configuration.Managers
Tests\Utilities\ShortcutParserTests.cs,Tests\UI\Components\ShortcutParserTests.cs,SharpBridge.Tests.Utilities,SharpBridge.Tests.UI.Components
Tests\Utilities\SystemHelpContentProviderTests.cs,Tests\UI\Providers\SystemHelpContentProviderTests.cs,SharpBridge.Tests.Utilities,SharpBridge.Tests.UI.Providers
Tests\Utilities\TableFormatterTests.cs,Tests\UI\Formatters\TableFormatterTests.cs,SharpBridge.Tests.Utilities,SharpBridge.Tests.UI.Formatters
Tests\Utilities\TestConsole.cs,Tests\UI\Components\TestConsole.cs,SharpBridge.Tests.Utilities,SharpBridge.Tests.UI.Components
Tests\Utilities\TextColumnFormatterTests.cs,Tests\UI\Formatters\TextColumnFormatterTests.cs,SharpBridge.Tests.Utilities,SharpBridge.Tests.UI.Formatters
Tests\Utilities\TransformationEngineInfoFormatterTests.cs,Tests\UI\Formatters\TransformationEngineInfoFormatterTests.cs,SharpBridge.Tests.Utilities,SharpBridge.Tests.UI.Formatters
Tests\Utilities\VTSParameterPrefixAdapterTests.cs,Tests\Core\Adapters\VTSParameterPrefixAdapterTests.cs,SharpBridge.Tests.Utilities,SharpBridge.Tests.Core.Adapters
Tests\Utilities\VTubeStudioPCParameterManagerTests.cs,Tests\Core\Managers\VTubeStudioPCParameterManagerTests.cs,SharpBridge.Tests.Utilities,SharpBridge.Tests.Core.Managers
Tests\Utilities\WindowsNetworkCommandProviderTests.cs,Tests\Infrastructure\Providers\WindowsNetworkCommandProviderTests.cs,SharpBridge.Tests.Utilities,SharpBridge.Tests.Infrastructure.Providers
